{"cameraMode":{"drawMode":0,"name":"Shaded","section":"Shading Mode"},"sceneLighting":true,"audioPlay":false,"sceneViewState":{"m_AlwaysRefresh":false,"showFog":true,"showSkybox":true,"showFlares":true,"showImageEffects":true,"showParticleSystems":true,"showVisualEffectGraphs":true,"m_FxEnabled":true},"in2DMode":false,"pivot":{"x":-0.00015163421630859375,"y":5.260164737701416,"z":0.031882017850875857},"rotation":{"x":0.0099735576659441,"y":0.20463547110557557,"z":0.0020885192789137365,"w":-0.9788024425506592},"size":2.177715301513672,"orthographic":false}