{"cameraMode":{"drawMode":0,"name":"Shaded","section":"Shading Mode"},"sceneLighting":true,"audioPlay":false,"sceneViewState":{"m_AlwaysRefresh":false,"showFog":true,"showSkybox":true,"showFlares":true,"showImageEffects":true,"showParticleSystems":true,"showVisualEffectGraphs":true,"m_FxEnabled":true},"in2DMode":false,"pivot":{"x":-7.19162130355835,"y":12.640960693359375,"z":51.362876892089847},"rotation":{"x":0.22780969738960267,"y":0.32431769371032717,"z":-0.07868154346942902,"w":0.9151302576065064},"size":0.7658423781394959,"orthographic":false}