{"cameraMode":{"drawMode":0,"name":"Shaded","section":"Shading Mode"},"sceneLighting":true,"audioPlay":false,"sceneViewState":{"m_AlwaysRefresh":false,"showFog":true,"showSkybox":true,"showFlares":true,"showImageEffects":true,"showParticleSystems":true,"showVisualEffectGraphs":true,"m_FxEnabled":true},"in2DMode":false,"pivot":{"x":25.684898376464845,"y":2.966841459274292,"z":-11.097813606262207},"rotation":{"x":-0.08064670115709305,"y":0.22146445512771607,"z":-0.01838156394660473,"w":-0.9716538190841675},"size":1.4082578420639039,"orthographic":false}