{"cameraMode":{"drawMode":0,"name":"Shaded","section":"Shading Mode"},"sceneLighting":true,"audioPlay":false,"sceneViewState":{"m_AlwaysRefresh":false,"showFog":true,"showSkybox":true,"showFlares":true,"showImageEffects":true,"showParticleSystems":true,"showVisualEffectGraphs":true,"m_FxEnabled":true},"in2DMode":false,"pivot":{"x":24.774517059326173,"y":6.21178674697876,"z":-4.0870842933654789},"rotation":{"x":-0.014420205727219582,"y":-0.2600228488445282,"z":-0.0029534464702010156,"w":0.9657516479492188},"size":3.5441341400146486,"orthographic":false}