{"cameraMode":{"drawMode":0,"name":"Shaded","section":"Shading Mode"},"sceneLighting":true,"audioPlay":false,"sceneViewState":{"m_AlwaysRefresh":false,"showFog":true,"showSkybox":true,"showFlares":true,"showImageEffects":true,"showParticleSystems":true,"showVisualEffectGraphs":true,"m_FxEnabled":true},"in2DMode":false,"pivot":{"x":-0.8734925389289856,"y":2.3652257919311525,"z":-10.636006355285645},"rotation":{"x":0.16072040796279908,"y":0.7310113906860352,"z":-0.17769238352775575,"w":0.6395933032035828},"size":0.49215349555015566,"orthographic":false}