{"cameraMode":{"drawMode":0,"name":"Shaded","section":"Shading Mode"},"sceneLighting":true,"audioPlay":false,"sceneViewState":{"m_AlwaysRefresh":false,"showFog":true,"showSkybox":true,"showFlares":true,"showImageEffects":true,"showParticleSystems":true,"showVisualEffectGraphs":true,"m_FxEnabled":true},"in2DMode":false,"pivot":{"x":1.4742614030838013,"y":-7.574366569519043,"z":48.1206169128418},"rotation":{"x":-0.39307940006256106,"y":-0.005713511724025011,"z":0.00022610648011323065,"w":-0.919897735118866},"size":12.990381240844727,"orthographic":false}