{"cameraMode":{"drawMode":0,"name":"Shaded","section":"Shading Mode"},"sceneLighting":true,"audioPlay":false,"sceneViewState":{"m_AlwaysRefresh":false,"showFog":true,"showSkybox":true,"showFlares":true,"showImageEffects":true,"showParticleSystems":true,"showVisualEffectGraphs":true,"m_FxEnabled":true},"in2DMode":false,"pivot":{"x":-4.999483108520508,"y":18.272554397583009,"z":-23.99439811706543},"rotation":{"x":-0.27670392394065859,"y":-0.07594580948352814,"z":0.017946753650903703,"w":-0.9582550525665283},"size":1.7203527688980103,"orthographic":false}